City_ID,City,Lat,Lng,Max Temp,Humidity,Cloudiness,Wind Speed,Country,Date
0,isafjordur,66.0755,-23.124,0.02,93,0,1.03,IS,1698231932
1,blackmans bay,-43.0167,147.3167,7.07,76,45,1.34,AU,1698231934
2,port lincoln,-34.7333,135.8667,11.24,51,14,8.6,AU,1698231934
3,bilibino,68.0546,166.4372,-16.93,99,33,2.02,RU,1698231935
4,new norfolk,-42.7826,147.0587,7.72,82,58,3.49,AU,1698231935
5,abatskoye,56.2875,70.4555,1.99,99,100,1.67,RU,1698231935
6,nili,33.7218,66.1302,17.83,17,53,1.43,AF,1698231936
7,margaret river,-33.95,115.0667,17.26,69,42,3.36,AU,1698231601
8,chonchi,-42.6128,-73.8092,5.07,89,30,0.87,CL,1698231937
9,hawaiian paradise park,19.5933,-154.9731,23.91,95,100,1.54,US,1698231937
10,ghanzi,-21.5667,21.7833,37.2,5,0,3.81,BW,1698231652
11,puerto natales,-51.7236,-72.4875,12.25,50,75,14.92,CL,1698231938
12,ahiri,19.4,80.0167,27.71,59,7,2.23,IN,1698231939
13,westport,41.1415,-73.3579,12.08,90,0,1.54,US,1698231939
14,kone,-21.0595,164.8658,22.25,85,98,2.23,NC,1698231939
15,waitangi,-43.9535,-176.5597,11.57,96,91,2.24,NZ,1698231939
16,kristiansund,63.1115,7.732,9.36,61,0,3.09,NO,1698231940
17,papatowai,-46.5619,169.4708,15.82,57,97,4.5,NZ,1698231940
18,albany,42.6001,-73.9662,11.0,83,14,0.89,US,1698231941
19,west island,-12.1568,96.8225,27.99,78,40,5.66,CC,1698231803
20,ivdel',60.6911,60.4206,-0.45,47,31,4.02,RU,1698231941
21,saldanha,-33.0117,17.9442,17.48,64,10,6.51,ZA,1698231942
22,iskateley,67.6803,53.1512,-0.55,96,100,6.71,RU,1698231942
23,laojunmiao,39.8333,97.7333,9.1,29,3,1.75,CN,1698231942
24,udachny,66.4167,112.4,-11.13,89,54,4.58,RU,1698231943
25,yanchep,-31.55,115.6833,24.07,76,1,1.99,AU,1698231943
26,dunedin,-45.8742,170.5036,14.89,72,100,1.34,NZ,1698231918
27,grytviken,-54.2811,-36.5092,2.75,84,95,4.95,GS,1698231944
28,bandon,51.7469,-8.7425,9.77,90,100,4.43,IE,1698231944
29,bredasdorp,-34.5322,20.0403,21.92,51,30,4.92,ZA,1698231944
30,tazovsky,67.4667,78.7,-7.77,92,17,2.43,RU,1698231945
31,adamstown,-25.066,-130.1015,22.25,83,4,5.78,PN,1698231945
32,kapuskasing,49.4169,-82.4331,3.7,96,100,3.09,CA,1698231946
33,nizhniy odes,63.6445,54.856,-3.38,92,97,2.9,RU,1698231946
34,puerto ayora,-0.7393,-90.3518,23.08,97,97,3.58,EC,1698231946
35,bryne,58.7354,5.6477,8.88,63,0,0.0,NO,1698231947
36,nova sintra,14.8667,-24.7167,24.33,71,16,5.88,CV,1698231947
37,broken hill,-31.95,141.4333,12.46,30,1,10.06,AU,1698231947
38,polyarnyy,69.1989,33.4478,-1.91,92,76,2.21,RU,1698231948
39,siverek,37.755,39.3167,25.13,32,0,3.79,TR,1698231948
40,imbituba,-28.24,-48.6703,18.75,83,96,4.66,BR,1698231949
41,hermanus,-34.4187,19.2345,20.71,58,31,4.01,ZA,1698231589
42,ushuaia,-54.8,-68.3,3.92,88,100,4.75,AR,1698231950
43,hithadhoo,-0.6,73.0833,27.44,80,30,7.51,MV,1698231950
44,port-aux-francais,-49.35,70.2167,4.73,83,100,12.03,TF,1698231950
45,taseyevo,57.2169,94.8978,2.97,90,100,5.36,RU,1698231951
46,rongelap,11.1635,166.8941,28.44,78,67,6.94,MH,1698231951
47,saipan,15.1355,145.701,28.39,83,20,4.12,MP,1698231951
48,happy valley-goose bay,53.3168,-60.3315,5.26,83,100,3.33,CA,1698231952
49,tiksi,71.6872,128.8694,-19.47,100,17,3.25,RU,1698231953
50,bethel,41.3712,-73.414,10.27,90,0,0.0,US,1698231953
51,alo,7.4178,6.7371,30.79,66,100,1.64,NG,1698231953
52,warman,52.3168,-106.5679,-8.84,65,25,2.97,CA,1698231954
53,toyooka,35.5333,134.8333,14.53,81,0,1.4,JP,1698231806
54,baturaja,-4.1333,104.1667,30.63,52,66,2.54,ID,1698231955
55,leh,34.1667,77.5833,6.03,19,15,3.05,IN,1698231955
56,bambui,-20.0064,-45.9769,25.41,62,99,1.06,BR,1698231956
57,anadyr,64.75,177.4833,3.28,93,75,7.0,RU,1698231957
58,yellowknife,62.456,-114.3525,-4.21,86,100,2.57,CA,1698231957
59,afaahiti,-17.75,-149.2833,24.93,81,92,6.18,PF,1698231957
60,filadelfia,39.9523,-75.1638,10.94,91,20,2.06,US,1698231958
61,goure,13.9835,10.2704,35.5,8,86,6.27,NE,1698231958
62,ducheng,23.2373,111.5317,26.85,73,99,0.61,CN,1698231959
63,utrik,11.2278,169.8474,27.82,76,82,4.73,MH,1698231959
64,fonte boa,-2.4959,-66.2662,23.7,99,78,0.61,BR,1698231959
65,saint-louis,16.3333,-15.0,32.8,19,100,6.24,SN,1698231428
66,hadibu,12.65,54.0333,28.65,70,82,6.47,YE,1698231961
67,tateyama,34.9833,139.8667,18.62,66,49,1.31,JP,1698231942
68,stanley,54.868,-1.6985,10.28,98,75,4.12,GB,1698231963
69,kodiak,57.79,-152.4072,3.46,79,95,1.97,US,1698231727
70,edinburgh of the seven seas,-37.0676,-12.3116,9.67,78,60,12.55,SH,1698231964
71,polovinnoye,54.7914,65.9864,4.47,97,100,4.57,RU,1698231964
72,port saint john's,-31.6229,29.5448,21.89,58,0,3.92,ZA,1698231965
73,fairmont,39.4851,-80.1426,13.5,72,96,1.83,US,1698231965
74,christchurch,-43.5333,172.6333,14.95,74,97,2.57,NZ,1698231492
75,klaksvik,62.2266,-6.589,9.51,93,93,8.71,FO,1698231858
76,thompson,55.7435,-97.8558,-5.73,73,8,3.1,CA,1698231966
77,petropavlovsk-kamchatsky,53.0452,158.6483,4.14,78,100,2.68,RU,1698231694
78,lazaro cardenas,17.9583,-102.2,25.24,84,100,2.71,MX,1698231966
79,spring creek,40.7266,-115.5859,9.11,41,43,3.96,US,1698231967
80,invercargill,-46.4,168.35,16.12,71,80,7.15,NZ,1698231925
81,isola delle femmine,38.1935,13.2488,25.86,64,20,3.09,IT,1698231968
82,woolgoolga,-30.1106,153.2007,22.93,87,40,6.36,AU,1698231969
83,ribeira grande,38.5167,-28.7,21.54,94,75,9.77,PT,1698231969
84,praia da vitoria,38.7333,-27.0667,21.53,94,96,8.02,PT,1698231969
85,champerico,14.3,-91.9167,25.2,88,95,2.44,GT,1698231970
86,grande prairie,55.1667,-118.8027,-12.27,86,11,1.67,CA,1698231970
87,atafu village,-8.5421,-172.5159,28.9,75,7,6.56,TK,1698231971
88,kailua-kona,19.6406,-155.9956,24.77,73,0,3.58,US,1698231971
89,bireun,5.203,96.7009,26.81,79,90,1.86,ID,1698231972
90,olonkinbyen,70.9221,-8.7187,2.74,93,100,4.4,SJ,1698231972
91,seymour,38.9592,-85.8903,17.26,58,97,0.45,US,1698231972
92,buurhakaba,2.8026,44.0781,33.5,40,72,5.29,SO,1698231973
93,yugorsk,61.3133,63.3319,-1.17,56,82,3.35,RU,1698231974
94,mombetsu,44.3525,143.3525,10.4,81,2,2.67,JP,1698231910
95,talnakh,69.4865,88.3972,-7.95,97,100,1.25,RU,1698231974
96,sesheke,-17.4759,24.2968,41.03,10,8,2.94,ZM,1698231975
97,hassi messaoud,31.6804,6.0729,32.55,23,73,4.71,DZ,1698231975
98,birnin kudu,11.4459,9.4984,35.47,11,100,4.52,NG,1698231976
99,iqaluit,63.7506,-68.5145,-2.39,86,100,4.47,CA,1698231976
100,ola,59.5833,151.2833,-2.07,80,16,4.42,RU,1698231977
101,island harbour,50.724,-1.2758,12.77,93,100,2.24,GB,1698231977
102,rybnoye,54.7256,39.5119,0.77,48,6,2.27,RU,1698231977
103,puerto aysen,-45.4,-72.7,7.53,98,100,1.98,CL,1698231978
104,kununurra,-15.7667,128.7333,33.99,46,77,5.14,AU,1698231750
105,punta arenas,-53.15,-70.9167,7.84,65,100,12.56,CL,1698231979
106,vorgashor,67.5833,63.95,-16.17,98,9,1.45,RU,1698231979
107,lospalos,-8.5186,127.0025,22.15,80,8,1.53,TL,1698231980
108,bismarck,46.8083,-100.7837,5.91,92,100,4.12,US,1698231980
109,arteche,12.2645,125.4048,26.78,86,80,2.15,PH,1698231980
110,teluk nibung,3.001,99.8164,26.09,85,97,0.67,ID,1698231981
111,padre bernardo,-15.35,-48.5,29.47,45,79,2.39,BR,1698231982
112,nova vicosa,-17.8919,-39.3719,27.42,66,57,5.94,BR,1698231982
113,avarua,-21.2078,-159.775,21.03,64,100,2.57,CK,1698231983
114,ilhabela,-23.7781,-45.3581,23.15,93,99,2.47,BR,1698231983
115,harper,4.375,-7.7169,27.02,74,93,0.83,LR,1698231983
116,tuy hoa,13.0833,109.3,25.83,89,53,1.37,VN,1698231984
117,anapa,44.8908,37.3239,21.19,49,0,3.0,RU,1698231984
118,east london,-33.0153,27.9116,20.68,63,3,5.1,ZA,1698231984
119,yen vinh,18.6667,105.6667,24.26,91,100,1.97,VN,1698231977
120,zintan,31.9223,12.252,30.59,17,100,5.19,LY,1698231985
121,hotan,37.0997,79.9269,20.98,12,0,3.3,CN,1698231985
122,ghadamis,30.1337,9.5007,32.5,14,100,5.38,LY,1698231986
123,wuzhou,23.4833,111.3167,25.95,75,77,0.31,CN,1698231986
124,ilulissat,69.2167,-51.1,-9.27,69,98,3.93,GL,1698231986
125,carnarvon,-24.8667,113.6333,21.57,73,0,7.11,AU,1698231932
126,suomussalmi,64.8869,28.9078,-2.23,70,7,0.56,FI,1698231987
127,saint-philippe,-21.3585,55.7679,27.77,78,41,4.38,RE,1698231988
128,enewetak,11.3474,162.3373,28.69,78,93,6.09,MH,1698231989
129,haiku-pauwela,20.9219,-156.3051,23.36,82,0,0.0,US,1698231989
130,waingapu,-9.6567,120.2641,27.91,62,32,1.87,ID,1698231990
131,olyokminsk,60.3736,120.4264,-2.94,80,100,2.37,RU,1698231990
132,bikenibeu village,1.3673,173.1241,28.98,84,20,2.06,KI,1698231990
133,doganyol,38.3118,39.0382,23.81,32,0,2.42,TR,1698231991
134,sint michiel liber,12.15,-68.9833,27.9,89,40,2.57,CW,1698231991
135,vilyuysk,63.7553,121.6247,-2.78,93,100,4.02,RU,1698231993
136,rio grande,-32.035,-52.0986,17.06,74,83,6.67,BR,1698231993
137,spassk,52.747,87.7545,4.31,93,100,0.89,RU,1698231993
138,mossel bay,-34.1831,22.146,18.32,67,11,4.92,ZA,1698231994
139,zastron,-30.3023,27.084,23.14,10,1,2.84,ZA,1698231994
140,katsuura,35.1333,140.3,17.97,73,83,2.58,JP,1698231862
141,ancud,-41.8697,-73.8203,6.34,83,1,0.79,CL,1698231995
142,st. john's,47.5649,-52.7093,7.1,88,50,2.24,CA,1698231752
143,hobyo,5.3505,48.5268,29.86,65,8,4.41,SO,1698231996
144,umba,66.6871,34.3429,0.13,77,27,1.72,RU,1698231996
145,selfoss,63.9331,-20.9971,7.8,83,100,3.98,IS,1698231997
146,sitka,57.0531,-135.33,0.94,69,0,2.57,US,1698231997
147,kuqa,41.7278,82.9364,17.46,23,2,1.39,CN,1698231998
148,esquel,-42.9,-71.3167,4.44,70,4,2.53,AR,1698231998
149,vilyuchinsk,52.9306,158.4028,4.96,92,100,2.61,RU,1698231999
150,dudinka,69.4058,86.1778,-8.51,96,100,1.34,RU,1698231999
151,yashan,22.1975,109.9419,25.91,77,100,1.74,CN,1698232000
152,lexington,37.9887,-84.4777,15.0,65,83,3.98,US,1698231463
153,hamilton,39.1834,-84.5333,18.09,52,100,4.63,US,1698232001
154,kolokani,13.5728,-8.0339,34.54,14,98,3.42,ML,1698232001
155,puerto baquerizo moreno,-0.9,-89.6,23.63,85,84,4.94,EC,1698232001
156,whitehorse,60.7161,-135.0538,-5.94,63,83,1.79,CA,1698232002
157,yuzhno-kurilsk,44.0306,145.8556,12.99,87,6,1.65,RU,1698232002
158,la passe,45.5549,-0.8967,17.23,88,85,12.21,FR,1698232002
159,as sulayyil,20.4607,45.5779,32.14,25,6,6.69,SA,1698232003
160,jasper,37.2001,-94.3502,21.19,73,100,6.69,US,1698232003
161,uray,60.1247,64.7758,-0.63,54,21,3.13,RU,1698232004
162,codrington,-38.2667,141.9667,9.48,60,79,8.53,AU,1698232004
163,lompoc,34.6391,-120.4579,14.45,87,100,1.54,US,1698232004
164,phan thiet,10.9333,108.1,26.72,82,36,1.73,VN,1698232005
165,ust'-kulom,61.6864,53.6902,-1.22,60,52,3.86,RU,1698232005
166,port elizabeth,-33.918,25.5701,22.4,52,5,1.34,ZA,1698232006
167,klyuchi,52.2667,79.1667,11.61,39,100,7.66,RU,1698232006
168,kurumkan,54.3,110.3,-4.37,59,40,2.68,RU,1698232007
169,boyolangu,-8.1181,111.8935,25.17,87,78,3.01,ID,1698232007
170,dryden,49.7833,-92.7503,1.16,93,100,1.54,CA,1698232007
171,coquimbo,-29.9533,-71.3436,13.61,85,0,1.71,CL,1698232008
172,kuusamo,65.9667,29.1833,-2.98,68,0,1.54,FI,1698232008
173,san fernando de apure,7.8878,-67.4724,24.41,95,71,1.41,VE,1698232008
174,al bardiyah,31.7561,25.0865,25.83,50,0,1.63,LY,1698232009
175,ohara,35.25,140.3833,17.24,77,90,2.9,JP,1698231872
176,ulsteinvik,62.3432,5.8487,11.53,72,100,0.45,NO,1698232010
177,guiglo,6.5456,-7.4966,23.38,93,100,0.37,CI,1698232010
178,constantia,44.1833,28.65,26.5,53,100,4.26,RO,1698232011
179,kabalo,-6.05,26.9167,32.27,47,81,0.8,CD,1698232011
180,rincon de romos,22.2333,-102.3,13.82,69,71,0.24,MX,1698232011
181,aldan,58.6031,125.3894,-4.47,96,100,3.77,RU,1698232012
182,arno,60.1167,18.6333,4.88,69,100,5.87,SE,1698232012
183,west bay,19.3667,-81.4167,28.33,80,97,2.24,KY,1698232013
184,maceio,-9.6658,-35.7353,27.69,74,75,5.14,BR,1698232013
185,aasiaat,68.7098,-52.8699,-7.8,79,100,2.13,GL,1698232014
186,mogocha,53.7333,119.7667,-1.49,70,100,5.41,RU,1698232015
187,barra de santo antonio,-9.4047,-35.5072,27.6,67,88,4.61,BR,1698232015
188,mpika,-11.8343,31.4529,33.88,19,43,5.43,ZM,1698232015
189,alice springs,-23.7,133.8833,20.75,28,4,4.63,AU,1698232016
190,georgetown,5.4112,100.3354,28.96,74,20,1.03,MY,1698231717
191,mounana,-1.4085,13.1586,21.64,98,100,0.98,GA,1698232016
192,badger,64.8,-147.5333,-3.07,87,100,0.0,US,1698232016
193,roosevelt,33.9668,-103.4505,15.12,85,88,1.29,US,1698232017
194,marsh harbour,26.5412,-77.0636,25.74,67,89,10.9,BS,1698232017
195,sungai penuh,-2.0833,101.3833,19.7,97,98,0.8,ID,1698231734
196,barrancas,10.9576,-72.7877,23.63,96,60,0.97,CO,1698232018
197,devils lake,48.1128,-98.8651,0.99,83,100,3.6,US,1698232018
198,geraldton,-28.7667,114.6,20.23,77,1,6.17,AU,1698231759
199,cole harbour,44.6724,-63.4751,12.06,89,97,4.47,CA,1698232019
200,oneida,43.2001,-75.4663,14.52,85,100,3.09,US,1698232019
201,santiago,-33.4569,-70.6483,16.27,74,100,1.03,CL,1698231936
202,longyearbyen,78.2186,15.6401,-4.09,93,75,1.54,SJ,1698232020
203,yarmouth,41.7057,-70.2286,15.01,94,0,3.6,US,1698232021
204,gaigeturi,33.4644,126.3183,19.85,69,0,1.57,KR,1698232022
205,qaqortoq,60.7167,-46.0333,-0.22,56,30,2.01,GL,1698232022
206,lebu,-37.6167,-73.65,8.76,83,12,7.18,CL,1698232023
207,midvagur,62.0511,-7.1939,9.46,87,100,6.17,FO,1698232023
208,byron bay,-28.65,153.6167,22.28,81,3,9.52,AU,1698231979
209,kutulik,53.3508,102.7839,1.36,57,77,3.79,RU,1698232024
210,alpine,32.835,-116.7664,15.08,87,100,1.54,US,1698232025
211,idri,27.5,13.2667,33.69,14,79,2.54,LY,1698232025
212,vila velha,-20.3297,-40.2925,26.64,82,98,0.89,BR,1698231807
213,fale old settlement,-9.3852,-171.2468,28.42,77,11,7.56,TK,1698232026
214,orimattila,60.8049,25.7296,1.84,67,36,3.44,FI,1698232026
215,huangmei,30.1924,116.025,22.19,65,100,2.11,CN,1698232027
216,touros,-5.1989,-35.4608,28.03,62,10,5.21,BR,1698232027
217,mahina,-17.5065,-149.489,25.87,73,100,4.63,PF,1698232028
218,minas de marcona,-15.2119,-75.1103,13.26,92,92,4.75,PE,1698232028
219,mahibadhoo,3.7833,72.9667,27.73,78,83,4.72,MV,1698232029
220,brookings,44.3114,-96.7984,7.0,95,100,2.06,US,1698232029
221,hammerfest,70.6634,23.6821,-0.75,69,0,4.63,NO,1698232029
222,bahia blanca,-38.7196,-62.2724,13.79,59,1,4.02,AR,1698232030
223,vadso,70.0744,29.7487,-1.91,64,0,5.14,NO,1698232030
224,fort bragg,35.139,-79.006,11.01,91,0,1.54,US,1698232030
225,karukh,34.4811,62.5863,24.33,14,96,1.13,AF,1698232031
226,floro,61.5996,5.0328,13.04,54,0,2.06,NO,1698232031
227,lulea,65.5842,22.1547,1.04,80,0,1.54,SE,1698232031
228,opuwo,-18.0607,13.84,37.88,8,8,1.36,NA,1698232032
229,bagamoyo,-6.4333,38.9,31.35,57,62,3.61,TZ,1698232032
230,kingston,17.997,-76.7936,24.58,98,67,0.45,JM,1698232032
231,chibougamau,49.9168,-74.3659,6.1,99,100,0.97,CA,1698232033
232,callao,-12.0667,-77.15,19.29,91,100,0.81,PE,1698231733
233,newport,51.5877,-2.9984,12.51,88,93,4.71,GB,1698231990
234,asosa,10.0667,34.5333,25.46,55,70,2.01,ET,1698232034
235,mangrol,21.1167,70.1167,31.9,44,4,3.67,IN,1698232034
236,port mathurin,-19.6833,63.4167,24.78,80,10,7.64,MU,1698232034
237,urumqi,43.801,87.6005,13.53,36,0,2.0,CN,1698232035
238,arraial do cabo,-22.9661,-42.0278,22.92,94,75,5.14,BR,1698232035
239,ust'-kut,56.7938,105.7672,-0.31,52,100,2.68,RU,1698232036
240,kushk,33.2957,61.9522,26.66,14,54,5.56,AF,1698232036
241,fort st. john,56.2499,-120.8529,-15.08,91,8,0.64,CA,1698232037
242,ma'ili,21.4219,-158.1803,23.6,83,0,1.54,US,1698232037
243,tolanaro,-25.0319,46.9987,26.37,78,63,1.6,MG,1698232037
244,panshan,41.1881,122.0494,15.34,77,31,2.47,CN,1698232038
245,ronne,55.1009,14.7066,9.95,100,100,5.14,DK,1698232038
246,gondar,12.6,37.4667,21.42,59,46,0.95,ET,1698232039
247,papao,-17.75,-149.55,25.82,76,85,5.52,PF,1698232039
248,ad dabbah,18.05,30.95,38.88,14,1,2.33,SD,1698232039
249,castillos,-34.1667,-53.8333,13.71,75,91,6.76,UY,1698232040
250,alvaraes,-3.2208,-64.8042,24.47,96,100,0.45,BR,1698232040
251,qingdao,36.0986,120.3719,21.35,66,67,3.38,CN,1698231611
252,peniche,39.3558,-9.3811,21.71,91,100,6.22,PT,1698232041
253,xiaoweizhai,26.1903,107.5125,21.7,83,94,1.31,CN,1698232041
254,puchezh,56.9788,43.1676,1.7,67,43,4.81,RU,1698232042
255,flin flon,54.7682,-101.865,-5.76,66,13,2.83,CA,1698232042
256,road town,18.4167,-64.6167,28.05,83,40,2.57,VG,1698232042
257,saint-pierre,-21.3393,55.4781,29.76,74,75,3.09,RE,1698231989
258,dzilam gonzalez,21.2833,-88.9333,23.04,86,55,2.71,MX,1698232043
259,cabo san lucas,22.8909,-109.9124,23.75,65,34,2.24,MX,1698231946
260,kabare,-2.4683,28.8242,22.95,70,98,1.58,CD,1698232043
261,banff,51.1762,-115.5698,-14.4,98,60,1.84,CA,1698232044
262,lihue,21.9789,-159.3672,22.58,83,0,3.6,US,1698232044
263,'anat al qadimah,34.4659,41.9331,28.45,36,0,2.44,IQ,1698232044
264,natal,-5.795,-35.2094,28.36,65,75,3.09,BR,1698232045
265,divnoye,45.9089,43.3547,16.69,43,88,3.16,RU,1698232045
266,tuapse,44.1125,39.0742,18.53,68,92,3.33,RU,1698232045
267,mirnyy,62.5353,113.9611,-4.31,85,97,5.81,RU,1698232044
268,merizo village,13.2658,144.6691,28.32,96,54,1.47,GU,1698232046
269,murzuq,25.9155,13.9184,31.69,15,22,2.06,LY,1698232047
270,pemangkat,1.1667,108.9667,26.77,81,52,2.85,ID,1698232047
271,bereznik,62.8551,42.7072,0.98,62,66,2.09,RU,1698232047
272,bondo,3.8146,23.6866,30.57,55,83,1.51,CD,1698232048
273,huarmey,-10.0681,-78.1522,18.99,92,100,1.95,PE,1698232048
274,naracoorte,-36.9579,140.7383,4.48,76,38,3.58,AU,1698232048
275,padang,-0.9492,100.3543,28.03,90,100,0.61,ID,1698232049
276,zheleznogorsk-ilimskiy,56.5768,104.1217,0.76,43,100,4.47,RU,1698232049
277,gangoh,29.7667,77.25,30.71,22,0,1.8,IN,1698232049
278,portland,45.5234,-122.6762,8.8,95,99,3.58,US,1698232050
279,akureyri,65.6835,-18.0878,1.77,78,96,1.64,IS,1698231897
280,pimentel,-6.8367,-79.9342,19.16,88,40,3.6,PE,1698232051
281,along,28.1667,94.7667,21.82,76,58,0.63,IN,1698232051
282,nar'yan-mar,67.6713,53.087,-0.5,96,100,6.71,RU,1698232051
283,manta,-0.95,-80.7333,23.88,88,100,3.6,EC,1698232052
284,campos gerais,-21.235,-45.7586,24.73,63,98,0.75,BR,1698232052
285,onega,63.9061,38.1404,2.15,74,85,3.28,RU,1698232053
286,grand gaube,-20.0064,57.6608,28.54,64,9,3.13,MU,1698232053
287,foindu,7.4108,-11.5422,25.13,89,100,0.45,SL,1698232053
288,olean,42.0776,-78.4297,18.32,51,75,1.54,US,1698232053
289,mount gambier,-37.8333,140.7667,7.12,69,38,4.51,AU,1698231937
290,nago,26.5881,127.9761,23.03,77,67,4.51,JP,1698231609
291,zhezqazghan,47.7833,67.7667,14.32,54,75,11.0,KZ,1698232054
292,grand falls-windsor,48.9332,-55.6649,5.84,90,95,3.39,CA,1698232055
293,wailua homesteads,22.0669,-159.378,22.24,83,0,3.6,US,1698232055
294,nema,57.5067,50.5011,-0.95,76,91,3.69,RU,1698232056
295,eyl,7.9803,49.8164,30.18,62,14,5.57,SO,1698232056
296,tazacorte,28.629,-17.9293,23.54,80,20,3.6,ES,1698232057
297,bonthe,7.5264,-12.505,27.08,74,100,2.51,SL,1698232057
298,sassnitz,54.5167,13.65,12.67,91,100,2.37,DE,1698232057
299,sterling,39.0062,-77.4286,10.63,82,0,0.0,US,1698232058
300,poyarkovo,49.6,128.6833,7.72,52,98,3.87,RU,1698232058
301,queenstown,-31.8976,26.8753,22.92,24,1,1.05,ZA,1698231960
302,uturoa,-16.7333,-151.4333,26.64,75,84,4.7,PF,1698232059
303,fortuna,40.5982,-124.1573,11.48,90,100,1.34,US,1698232059
304,garden city,42.3256,-83.331,18.3,72,100,3.6,US,1698232060
305,justiniano posse,-32.8841,-62.6779,13.84,96,6,1.63,AR,1698232060
306,port macquarie,-31.4333,152.9167,19.94,84,85,5.52,AU,1698231793
307,prince rupert,54.3161,-130.3201,1.34,47,1,3.24,CA,1698232061
308,archangelos,36.2149,28.1149,26.28,48,36,2.16,GR,1698232061
309,bodo,67.28,14.405,4.32,71,0,8.75,NO,1698232061
310,kabinda,-6.1333,24.4833,30.19,51,75,1.52,CD,1698232062
311,puerto san jose,13.9256,-90.8244,25.03,89,100,2.41,GT,1698232062
312,canico,32.6333,-16.85,27.62,75,20,2.57,PT,1698232062
313,mega,4.05,38.3,21.93,57,76,5.93,ET,1698232063
314,ust-nera,64.5667,143.2,-21.93,99,61,1.14,RU,1698232063
315,aripuana,-9.1667,-60.6333,26.78,67,100,0.59,BR,1698232063
316,jaciara,-15.9653,-54.9683,29.86,51,63,1.41,BR,1698232064
317,mil'kovo,55.6078,37.7956,-0.27,49,7,2.09,RU,1698232064
318,san ignacio de velasco,-16.3667,-60.95,28.0,53,63,2.61,BO,1698231893
319,thai nguyen,21.5928,105.8442,29.88,64,78,1.35,VN,1698231776
320,ebon,4.582,168.6964,28.99,77,100,7.57,MH,1698232065
321,vorkuta,67.5,64.0,-16.45,98,8,1.37,RU,1698232066
322,kapit,2.0167,112.9333,24.84,93,96,1.17,MY,1698232067
323,port alfred,-33.5906,26.891,21.21,71,10,3.13,ZA,1698232067
324,smara,26.7384,-11.6719,23.55,44,0,5.14,EH,1698232067
325,palapye,-22.546,27.1251,36.84,14,0,5.77,BW,1698232068
326,kayangel,8.0823,134.7173,28.57,74,100,2.15,PW,1698232068
327,college,64.8569,-147.8028,-3.03,83,75,0.0,US,1698232069
328,sinabang,2.4803,96.3801,26.53,80,88,2.23,ID,1698232069
329,galveston,29.3669,-94.9669,25.59,86,13,6.69,US,1698232070
330,tandil,-37.3217,-59.1332,8.71,69,1,2.2,AR,1698232070
331,hami,42.8,93.45,14.74,31,0,1.95,CN,1698232026
332,kruisfontein,-34.0033,24.7314,22.06,44,5,5.49,ZA,1698232070
333,sinop,41.7711,34.8709,18.24,47,100,2.28,TR,1698232071
334,piacabucu,-10.4056,-36.4344,27.66,64,60,6.16,BR,1698232071
335,chinchilla,-26.75,150.6333,28.05,27,24,2.43,AU,1698232072
336,narvik,68.4384,17.4272,3.23,87,86,2.74,NO,1698232072
337,alesund,62.4723,6.1549,11.53,72,0,2.57,NO,1698232073
338,zvishavane,-20.3267,30.0665,33.44,28,0,5.63,ZW,1698232073
339,pacific grove,36.6177,-121.9166,13.7,84,100,3.6,US,1698232074
340,flying fish cove,-10.4217,105.6791,25.82,88,75,3.6,CX,1698232074
341,bowling green,36.9903,-86.4436,15.96,57,0,2.57,US,1698232074
342,kulp,38.4972,41.0122,20.73,44,20,1.79,TR,1698232075
343,acarau,-2.8856,-40.12,27.52,68,92,5.91,BR,1698232076
344,melo,-32.3667,-54.1833,12.32,80,1,5.37,UY,1698232077
345,south venice,27.0531,-82.4243,20.03,90,10,5.65,US,1698232078
346,san julian,21.0167,-102.1667,13.19,75,100,0.83,MX,1698232078
347,dhuusamarreeb,5.535,46.3861,33.77,38,49,5.13,SO,1698232079
348,coxen hole,16.3244,-86.5366,27.49,80,95,4.51,HN,1698232079
349,tarrafal,15.2833,-23.7667,29.44,72,35,6.47,CV,1698232080
350,biao,7.1633,125.5211,23.9,100,100,2.06,PH,1698232080
351,cedar city,37.6775,-113.0619,10.22,52,0,0.0,US,1698232081
352,key largo,25.0865,-80.4473,26.1,64,98,9.21,US,1698232082
353,tucurui,-3.7661,-49.6725,28.45,61,50,2.88,BR,1698232082
354,howrah,22.5892,88.3103,31.0,66,40,3.09,IN,1698231831
355,acajutla,13.5928,-89.8275,25.43,90,100,3.56,SV,1698232083
356,sao gabriel da cachoeira,-0.1303,-67.0892,22.78,97,95,0.44,BR,1698232083
357,gulf shores,30.246,-87.7008,23.36,72,20,5.14,US,1698232084
358,aleksandrov gay,50.147,48.5704,5.36,43,15,5.82,RU,1698232084
359,cho dok,10.7,105.1167,28.61,76,76,2.79,VN,1698232085
360,carauari,-4.8828,-66.8958,24.53,90,77,0.64,BR,1698232086
361,dalnegorsk,44.5604,135.5701,11.45,72,28,1.79,RU,1698232086
362,melfort,52.8667,-104.6177,-8.16,62,17,3.01,CA,1698232086
363,daru,-9.0763,143.2092,23.26,72,87,4.16,PG,1698232087
364,gamba,-2.65,10.0,23.57,95,100,1.29,GA,1698232087
365,maragogi,-9.0122,-35.2225,26.42,69,94,3.81,BR,1698232088
366,san patricio,28.017,-97.5169,27.13,83,5,6.02,US,1698232088
367,kingscliff,-28.2667,153.5667,23.2,73,0,6.17,AU,1698232089
368,xuanzhou,30.9525,118.7553,21.98,58,100,1.29,CN,1698232089
369,nabire,-3.3667,135.4833,26.69,81,93,0.65,ID,1698232090
370,jiazi,22.8779,116.067,23.82,85,92,4.61,CN,1698232090
371,eregli,37.5133,34.0467,26.11,17,4,4.91,TR,1698232090
372,kipushi,-11.7667,27.2333,35.15,17,88,3.62,CD,1698232082
373,tobruk,32.0836,23.9764,24.92,55,26,1.87,LY,1698232091
374,holualoa,19.6228,-155.9522,22.7,70,0,3.58,US,1698232092
375,koknese,56.65,25.4333,4.61,80,100,5.07,LV,1698232092
376,arroyo,41.6096,-4.7969,14.5,84,100,7.72,ES,1698232093
377,copala,16.65,-98.9833,24.65,93,100,3.23,MX,1698232093
378,anda,46.4,125.3167,11.68,44,32,8.28,CN,1698232094
379,glace bay,46.1969,-59.957,9.32,94,73,1.34,CA,1698231675
380,cam ranh,11.9214,109.1591,26.4,85,59,0.78,VN,1698232094
381,quellon,-43.1167,-73.6167,7.96,89,56,1.07,CL,1698232095
382,olinda,-8.0089,-34.8553,28.85,61,40,3.6,BR,1698232095
383,usogorsk,63.4106,48.6872,-1.3,64,25,3.92,RU,1698232096
384,lupane,-18.9315,27.807,40.54,10,2,2.58,ZW,1698232097
385,keuruu,62.2667,24.7,-2.9,62,51,2.55,FI,1698232097
386,groningen,53.25,6.75,12.31,90,54,2.57,NL,1698231951
387,kavieng,-2.5744,150.7967,27.15,81,100,4.66,PG,1698232098
388,nishon tumani,38.694,65.6751,27.14,21,0,5.14,UZ,1698232098
389,taourirt,34.4073,-2.8973,21.86,40,1,5.45,MA,1698232098
390,borba,-4.3878,-59.5939,29.01,64,49,1.15,BR,1698232099
391,shingu,33.7333,135.9833,15.07,88,0,2.41,JP,1698232099
392,xam nua,20.4197,104.0439,19.81,95,89,1.17,LA,1698232100
393,bubaque,11.2833,-15.8333,28.2,75,100,2.14,GW,1698232100
394,sandnessjoen,66.0217,12.6316,7.06,65,75,3.09,NO,1698232101
395,jamestown,42.097,-79.2353,18.77,64,75,3.6,US,1698232102
396,port arthur,38.8,121.2667,20.12,70,0,4.08,CN,1698232102
397,baotou,40.6522,109.8222,14.43,28,0,2.57,CN,1698232065
398,churachandpur,24.3333,93.6667,17.59,99,100,0.26,IN,1698231878
399,kadhan,24.481,68.9859,36.37,21,2,5.57,PK,1698232103
400,kastoria,40.5167,21.2667,25.29,34,100,3.23,GR,1698232104
401,plettenberg bay,-34.0527,23.3716,19.0,62,8,4.56,ZA,1698232104
402,muynoq,43.7683,59.0214,16.75,75,99,5.02,UZ,1698232104
403,prainha,-1.8,-53.48,27.35,66,35,2.7,BR,1698232105
404,kinablangan,7.6947,126.5503,27.0,82,65,1.18,PH,1698232105
405,bodaybo,57.8506,114.1933,-2.85,69,98,1.76,RU,1698232105
406,brigantine,39.4101,-74.3646,13.9,93,48,0.89,US,1698232106
407,aweil,8.7682,27.4002,34.67,38,54,2.49,SS,1698232106
408,port douglas,-16.4833,145.4667,23.18,81,7,3.64,AU,1698232107
409,labrador city,52.9463,-66.9114,1.6,99,100,1.49,CA,1698232107
410,jertih,5.7336,102.4897,26.56,84,29,1.39,MY,1698232107
411,aitape,-3.1374,142.3475,26.6,85,100,0.46,PG,1698232108
412,matoury,4.8483,-52.3317,26.98,89,40,0.51,GF,1698232108
413,suzun,53.7841,82.3116,8.85,48,100,6.03,RU,1698232109
414,mount isa,-20.7333,139.5,30.87,15,0,9.26,AU,1698231974
415,la mira,18.035,-102.3266,24.62,84,100,2.19,MX,1698232109
416,urangan,-25.3,152.9,22.52,83,0,7.12,AU,1698232110
417,changyon,38.2508,125.0961,14.79,93,0,2.2,KP,1698232110
418,khorramabad,33.4878,48.3558,21.18,37,100,4.32,IR,1698232111
419,patong,7.8961,98.2966,31.12,68,54,3.87,TH,1698231935
420,vila franca do campo,37.7167,-25.4333,21.23,84,100,6.41,PT,1698232111
421,veinticinco de mayo,-35.4323,-60.1727,10.55,86,6,0.89,AR,1698232111
422,villa canas,-34.0057,-61.6076,13.43,61,17,2.52,AR,1698232112
423,bethanie,-26.4833,17.15,35.75,7,0,6.0,NA,1698232112
424,pasni,25.2631,63.471,27.47,69,3,6.13,PK,1698232114
425,grootfontein,-19.5667,18.1167,36.34,7,2,5.21,NA,1698232008
426,aykhal,66.0,111.5,-10.21,93,97,8.31,RU,1698232114
427,cambria,35.5641,-121.0808,14.3,99,27,0.89,US,1698232115
428,katlenburg-lindau,51.6833,10.1,15.23,87,84,0.89,DE,1698232115
429,berezovyy,51.6667,135.7,1.84,71,57,0.65,RU,1698232115
430,carlsbad,33.1581,-117.3506,18.29,90,100,4.47,US,1698232116
431,kavaratti,10.5669,72.642,29.13,64,29,1.88,IN,1698232116
432,novyye burasy,52.1324,46.0714,0.37,45,69,4.54,RU,1698232117
433,suva,-18.1416,178.4415,23.71,73,75,3.6,FJ,1698232117
434,isangel,-19.55,169.2667,23.41,87,100,10.55,VU,1698232117
435,remire-montjoly,4.9167,-52.2667,27.02,89,40,0.51,GF,1698232118
436,bandarbeyla,9.4942,50.8122,29.19,69,35,5.08,SO,1698232119
437,tsiombe,-25.3,45.4833,23.57,78,100,8.65,MG,1698232119
438,yokadouma,3.5167,15.05,24.49,83,100,1.17,CM,1698232119
439,rodino,52.5,80.25,10.7,42,100,8.29,RU,1698232120
440,caleta de carquin,-11.0925,-77.6267,18.63,92,100,2.32,PE,1698232120
441,cedeira,43.6797,-8.0209,18.54,56,100,12.75,ES,1698232120
442,la ronge,55.1001,-105.2842,-6.27,68,14,3.81,CA,1698232121
443,taro,-8.3862,115.28,25.0,92,66,0.67,ID,1698232121
444,nikolayevsk-on-amure,53.1406,140.73,0.24,79,4,1.33,RU,1698232122
445,baley,51.6,116.6333,-2.1,29,23,3.84,RU,1698232122
446,chatham,51.3789,0.5279,14.48,75,100,2.24,GB,1698232123
447,praia,14.9215,-23.5087,29.3,61,20,10.29,CV,1698231944
448,colonia,50.9333,6.95,11.57,90,75,6.17,DE,1698231946
449,ilaro,6.8865,3.0205,31.99,58,100,1.83,NG,1698232124
450,susuman,62.7833,148.1667,-16.12,99,92,0.89,RU,1698232125
451,twin falls,42.3505,-114.6445,13.29,41,100,7.72,US,1698232125
452,vero beach,27.6386,-80.3973,25.55,62,0,5.14,US,1698232125
453,sabang,5.8933,95.3214,27.68,75,98,2.99,ID,1698232126
454,fuyuan,46.4333,127.0833,9.68,49,71,3.26,CN,1698232126
455,loei,17.4167,101.5,19.19,95,98,1.18,TH,1698231831
456,hasaki,35.7333,140.8333,17.38,66,99,4.52,JP,1698232127
457,yermolayevo,52.7167,55.8,0.19,64,99,6.95,RU,1698232128
458,nouadhibou,20.931,-17.0347,28.99,42,4,6.69,MR,1698232128
459,cooma,-36.2333,149.1333,2.79,89,75,4.46,AU,1698232129
460,sao joao da barra,-21.6403,-41.0511,25.05,73,45,8.12,BR,1698231958
461,shaowu,27.3409,117.4831,21.82,85,74,0.78,CN,1698232130
462,anna regina,7.2644,-58.5077,28.59,78,23,4.03,GY,1698232130
463,paris,48.8534,2.3488,15.32,91,100,3.6,FR,1698231664
464,puerto maldonado,-12.6,-69.1833,26.22,89,0,2.06,PE,1698232131
465,mount pearl,47.5166,-52.7813,6.64,88,54,1.34,CA,1698232131
466,san antonio de pale,-1.4014,5.6325,26.04,80,97,3.93,GQ,1698232131
467,ponta delgada,37.7333,-25.6667,21.4,88,75,9.26,PT,1698232132
468,richards bay,-28.783,32.0377,23.95,53,3,4.93,ZA,1698232036
469,fort mcmurray,56.7268,-111.381,-6.27,68,100,2.06,CA,1698232132
470,ghat,24.9647,10.1728,33.01,13,33,2.64,LY,1698232133
471,tinambac,13.8164,123.3261,26.41,90,86,2.79,PH,1698232133
472,lemvig,56.5486,8.3102,9.0,96,100,10.99,DK,1698232134
473,cidreira,-30.1811,-50.2056,17.26,74,99,4.23,BR,1698231846
474,zabol,32.25,67.25,19.82,15,3,5.91,AF,1698232134
475,mandera,3.9366,41.867,33.76,41,46,4.43,KE,1698232135
476,alaghsas,17.0187,8.0168,34.72,7,24,6.42,NE,1698232135
477,keflavik,64.0049,-22.5624,7.24,81,100,4.63,IS,1698232127
478,suoyarvi,62.0833,32.35,0.1,65,6,1.29,RU,1698232135
479,puerto colombia,10.9878,-74.9547,26.05,81,40,5.03,CO,1698232137
480,east end,34.5507,-92.341,21.03,84,3,3.04,US,1698232137
481,weno,7.4515,151.8468,29.27,76,78,5.29,FM,1698232138
482,nemuro,43.3236,145.575,12.35,82,5,2.28,JP,1698231911
483,phan rang-thap cham,11.5667,108.9833,26.08,86,56,1.08,VN,1698231914
484,wenzhou,27.9994,120.6668,22.78,81,100,1.58,CN,1698231889
485,terrace,54.5163,-128.6035,-1.55,52,0,1.72,CA,1698232140
486,karratha,-20.7377,116.8463,31.12,36,0,5.03,AU,1698232140
487,nadi,-17.8,177.4167,25.0,65,75,5.66,FJ,1698232083
488,crane,31.3974,-102.3501,17.69,82,17,3.71,US,1698232141
489,salinas,36.6777,-121.6555,13.93,86,40,3.6,US,1698232141
490,beberibe,-4.1797,-38.1306,28.03,62,47,4.4,BR,1698232142
491,palmer,42.1584,-72.3287,10.93,90,20,0.0,US,1698232143
492,colares,38.7992,-9.4469,21.55,91,20,14.31,PT,1698232143
493,la'ie,21.6477,-157.9253,23.57,83,1,1.71,US,1698232143
494,rosetta,31.4044,30.4164,27.1,55,9,5.02,EG,1698232144
495,letlhakeng,-24.0944,25.0298,37.46,3,0,2.16,BW,1698232144
496,crixas,-14.5489,-49.9692,31.02,40,90,0.81,BR,1698232145
497,rustaq,23.3908,57.4244,28.42,49,87,1.63,OM,1698232145
498,goundam,16.4145,-3.6708,36.62,8,92,5.38,ML,1698232146
499,hafnarfjordur,64.0671,-21.9377,7.78,78,100,3.58,IS,1698231936
500,miles city,46.4083,-105.8406,-1.46,93,100,7.2,US,1698232146
501,kodinsk,58.6881,99.1844,0.24,98,100,3.98,RU,1698232147
502,dodoma,-6.1722,35.7395,33.03,29,63,3.84,TZ,1698232148
503,isnos,1.9356,-76.2406,14.4,91,98,1.64,CO,1698232148
504,guankou,28.15,113.6333,20.41,87,97,2.26,CN,1698232073
505,ain leuh,33.2921,-5.3384,16.53,33,3,2.53,MA,1698232149
506,puerto francisco de orellana,-0.4667,-76.9667,22.14,94,100,0.48,EC,1698232150
507,revda,56.801,59.9303,-1.72,74,23,3.53,RU,1698232036
508,shitanjing,39.2342,106.3439,13.09,25,24,2.49,CN,1698232150
509,cabedelo,-6.9811,-34.8339,27.37,64,96,4.35,BR,1698232056
510,gadzhiyevo,69.2551,33.3362,-2.31,93,73,2.3,RU,1698232151
511,halle (saale),51.5,12.0,16.01,68,20,4.12,DE,1698231946
512,kapa'a,22.0752,-159.319,22.99,83,0,3.6,US,1698232152
513,santa cecilia,-26.9608,-50.4269,16.39,88,93,1.04,BR,1698232153
514,altamira,-3.2033,-52.2064,27.24,68,13,2.11,BR,1698232043
515,ungsang-nodongjagu,42.3578,130.4622,14.36,67,70,1.7,KP,1698232153
516,shatsk,54.0258,41.7119,0.37,48,9,2.48,RU,1698232154
517,plastun,44.7561,136.2939,11.06,71,42,1.74,RU,1698232154
518,ocean city,39.2776,-74.5746,13.88,91,74,1.79,US,1698232155
519,mednogorsk,51.4128,57.595,2.45,68,100,8.06,RU,1698232155
520,coruripe,-10.1256,-36.1756,27.38,64,56,6.49,BR,1698232155
521,katsuren-haebaru,26.3369,127.8719,25.43,75,75,4.12,JP,1698231998
522,guerrero negro,27.9769,-114.0611,17.43,85,3,3.27,MX,1698232156
523,flekkefjord,58.2971,6.6607,6.08,76,100,11.58,NO,1698232157
524,charlottetown,46.2352,-63.1267,10.31,81,57,4.47,CA,1698232114
525,brisas de zicatela,15.8369,-97.0419,25.07,86,100,1.65,MX,1698232157
526,capinota,-17.7167,-66.2333,15.7,64,98,1.17,BO,1698232158
527,novoanninskiy,50.5287,42.6747,4.75,80,98,2.58,RU,1698232159
528,kotel'nikovo,47.6317,43.1461,13.16,55,71,3.69,RU,1698232159
529,bouca,6.5105,18.2733,30.03,63,100,1.61,CF,1698232159
530,gebeit,21.0667,36.3167,35.46,18,1,5.8,SD,1698232159
531,charters towers,-20.1,146.2667,22.92,63,1,6.69,AU,1698232008
532,matiguas,12.8373,-85.4622,20.95,96,97,1.1,NI,1698232161
533,morehead city,34.7229,-76.726,17.77,96,20,2.57,US,1698232161
534,nalagarh,31.05,76.7167,28.79,30,0,1.29,IN,1698232161
535,bosaso,11.2842,49.1816,32.28,56,57,5.81,SO,1698232162
536,n'dalatando,-9.2978,14.9116,27.27,56,90,1.2,AO,1698232162
537,karystos,38.0133,24.4161,27.88,71,100,4.2,GR,1698232163
538,dakhla,23.6848,-15.958,22.63,63,0,8.1,EH,1698232163
539,arica,-18.475,-70.3042,17.75,87,59,0.65,CL,1698232040
540,boguchany,58.3814,97.4531,1.03,96,100,4.47,RU,1698232164
541,mccook,40.2019,-100.6257,10.03,94,100,2.57,US,1698232165
542,ripley,53.0333,-1.4,11.9,88,34,0.45,GB,1698232166
543,ad dilam,23.9915,47.1627,35.23,19,0,4.72,SA,1698232040
544,porto novo,6.4965,2.6036,31.72,59,96,4.06,BJ,1698231884
545,kolonia,50.9333,6.95,11.57,90,75,6.17,DE,1698232167
546,tralee,52.2704,-9.7026,10.14,93,75,2.57,IE,1698232167
547,nyandoma,61.669,40.1991,-0.44,78,93,2.91,RU,1698232167
548,cromer,52.9312,1.2989,12.62,93,85,2.68,GB,1698232169
549,jilib,0.4883,42.7854,35.44,38,34,6.56,SO,1698232172
550,zhenlai,45.8495,123.2973,12.42,24,35,9.2,CN,1698232173
551,bam,29.106,58.357,31.32,14,1,3.21,IR,1698232174
552,morshyn,49.1565,23.8723,14.87,83,99,3.86,UA,1698232174
553,ormara,25.2088,64.6357,27.93,68,1,5.55,PK,1698232175
554,magong,23.5654,119.5863,25.06,81,43,9.36,TW,1698232175
555,afif,23.9065,42.9172,30.85,18,46,4.05,SA,1698232175
556,dunhua,43.3725,128.2425,10.6,77,51,1.61,CN,1698232176
557,tromso,69.6496,18.957,0.01,69,0,3.6,NO,1698232176
558,tabou,4.423,-7.3528,26.39,78,91,1.26,CI,1698232176
559,paracuru,-3.41,-39.0306,27.84,65,71,4.88,BR,1698232177
560,bamboo flat,11.7,92.7167,27.05,83,75,1.54,IN,1698232178
561,somerset east,-32.7217,25.588,23.02,30,3,2.66,ZA,1698232178
562,nadym,65.5333,72.5167,-4.29,95,90,2.38,RU,1698232042
563,midland,31.9974,-102.0779,16.46,97,75,4.12,US,1698232179
564,matonga,-2.3833,34.0833,29.74,33,100,2.43,TZ,1698232179
565,harstad,68.799,16.5293,3.68,98,100,4.47,NO,1698232180
566,mount hagen,-5.8581,144.2274,13.59,88,96,0.83,PG,1698232180
567,poquoson,37.1224,-76.3458,13.32,95,0,0.0,US,1698232181
568,mus,39.0,41.75,18.02,45,1,4.11,TR,1698232181
569,elko,41.0002,-115.5012,9.3,50,70,3.13,US,1698232182
570,berbera,10.4396,45.0143,31.71,66,48,7.16,SO,1698232182
571,roma,43.2128,-75.4557,14.49,85,100,3.09,US,1698232125
572,sisimiut,66.9395,-53.6735,-3.72,63,95,5.55,GL,1698232183
573,antonio enes,-16.2325,39.9086,31.45,56,0,8.52,MZ,1698232183
574,taroa,8.7058,171.2275,28.37,76,76,4.61,MH,1698232184
575,puerto penasco,31.3167,-113.5333,23.84,67,0,3.85,MX,1698232033
576,benguela,-12.5763,13.4055,25.6,72,91,4.0,AO,1698232184
577,saint-francois,46.4154,3.9054,17.69,64,100,5.66,FR,1698232185
578,san ignacio,17.1561,-89.0714,23.08,100,75,0.0,BZ,1698232185
579,kavalerovo,44.2661,135.0572,11.42,73,18,1.34,RU,1698232186
580,mwatate,-3.5029,38.3795,30.35,39,100,3.71,KE,1698232186
581,chernyshevskiy,63.0128,112.4714,-6.86,89,80,3.49,RU,1698232186
582,saint george's,12.0564,-61.7485,27.54,78,20,0.67,GD,1698232009
583,kataba,13.9833,44.3833,20.5,49,85,1.12,YE,1698232187
584,lae,-6.7221,146.9847,25.14,90,84,2.29,PG,1698232188
585,yalutorovsk,56.6536,66.3006,-1.13,97,100,6.26,RU,1698232188
586,emerald,-23.5333,148.1667,28.52,43,0,7.8,AU,1698232188
587,buala,-8.145,159.5921,26.94,82,100,2.7,SB,1698232189
588,newman,37.3138,-121.0208,12.94,83,10,0.45,US,1698232189
589,tutong,4.8,114.65,29.05,79,80,1.46,BN,1698232190
590,carutapera,-1.195,-46.02,28.31,66,78,4.21,BR,1698232190
591,tura,25.5198,90.2201,22.97,93,11,0.3,IN,1698232190
